{"cameraMode":{"drawMode":0,"name":"Shaded","section":"Shading Mode"},"sceneLighting":false,"audioPlay":false,"sceneViewState":{"showFog":true,"showMaterialUpdate":false,"showSkybox":false,"showFlares":true,"showImageEffects":true,"showParticleSystems":true},"in2DMode":false,"pivot":{"x":-4.470348358154297e-8,"y":0.4350000023841858,"z":-0.09999999403953552},"rotation":{"x":0.027381567284464837,"y":-0.056041184812784198,"z":0.0011421770323067904,"w":0.9982683062553406},"size":0.498841255903244,"orthographic":false}