{"cameraMode":{"drawMode":0,"name":"Shaded","section":"Shading Mode"},"sceneLighting":false,"audioPlay":false,"sceneViewState":{"showFog":true,"showMaterialUpdate":false,"showSkybox":false,"showFlares":true,"showImageEffects":true,"showParticleSystems":true},"in2DMode":false,"pivot":{"x":-5.713811874389648,"y":-0.04633188247680664,"z":0.0008192062377929688},"rotation":{"x":-0.05900639668107033,"y":0.756932258605957,"z":-0.06898127496242523,"w":-0.6471937894821167},"size":4.13205623626709,"orthographic":false}