{"cameraMode":{"drawMode":0,"name":"Shaded","section":"Shading Mode"},"sceneLighting":false,"audioPlay":false,"sceneViewState":{"showFog":true,"showMaterialUpdate":false,"showSkybox":false,"showFlares":true,"showImageEffects":true,"showParticleSystems":true},"in2DMode":false,"pivot":{"x":-2.581462860107422,"y":-2.2582545280456545,"z":-6.601065158843994},"rotation":{"x":-0.05900639668107033,"y":0.756932258605957,"z":-0.06898127496242523,"w":-0.6471937894821167},"size":1.7362416982650757,"orthographic":false}