{"cameraMode":{"drawMode":0,"name":"Shaded","section":"Shading Mode"},"sceneLighting":false,"audioPlay":false,"sceneViewState":{"showFog":true,"showMaterialUpdate":false,"showSkybox":false,"showFlares":true,"showImageEffects":true,"showParticleSystems":true},"in2DMode":false,"pivot":{"x":14.784259796142579,"y":7.025139808654785,"z":-1.5578250885009766},"rotation":{"x":-0.0345829613506794,"y":0.9296239614486694,"z":-0.3556533455848694,"w":-0.0903632789850235},"size":8.50461483001709,"orthographic":false}