{"cameraMode":{"drawMode":0,"name":"Shaded","section":"Shading Mode"},"sceneLighting":false,"audioPlay":false,"sceneViewState":{"showFog":true,"showMaterialUpdate":false,"showSkybox":false,"showFlares":true,"showImageEffects":true,"showParticleSystems":true},"in2DMode":false,"pivot":{"x":-27.110000610351564,"y":-5.473933219909668,"z":-17.559999465942384},"rotation":{"x":-0.05900639668107033,"y":0.756932258605957,"z":-0.06898127496242523,"w":-0.6471937894821167},"size":4.132056713104248,"orthographic":false}