{"cameraMode":{"drawMode":0,"name":"Shaded","section":"Shading Mode"},"sceneLighting":false,"audioPlay":false,"sceneViewState":{"showFog":true,"showMaterialUpdate":false,"showSkybox":false,"showFlares":true,"showImageEffects":true,"showParticleSystems":true},"in2DMode":false,"pivot":{"x":0.04444947838783264,"y":0.4688541889190674,"z":-1.7277271747589112},"rotation":{"x":-0.07452400028705597,"y":-0.9010899066925049,"z":0.1756943166255951,"w":-0.3909151256084442},"size":0.6693226099014282,"orthographic":false}