{"cameraMode":{"drawMode":0,"name":"Shaded","section":"Shading Mode"},"sceneLighting":false,"audioPlay":false,"sceneViewState":{"showFog":true,"showMaterialUpdate":false,"showSkybox":false,"showFlares":true,"showImageEffects":true,"showParticleSystems":true},"in2DMode":false,"pivot":{"x":1.9725871086120606,"y":0.0237424373626709,"z":-0.031963348388671878},"rotation":{"x":-0.0017907754518091679,"y":-0.9736144542694092,"z":0.22837470471858979,"w":-0.007295048329979181},"size":3.1091160774230959,"orthographic":false}