{"cameraMode":{"drawMode":0,"name":"Shaded","section":"Shading Mode"},"sceneLighting":false,"audioPlay":false,"sceneViewState":{"showFog":true,"showMaterialUpdate":false,"showSkybox":false,"showFlares":true,"showImageEffects":true,"showParticleSystems":true},"in2DMode":false,"pivot":{"x":36.09967041015625,"y":93.98099517822266,"z":28.295520782470704},"rotation":{"x":-0.12477650493383408,"y":-0.6856499910354614,"z":0.12063799798488617,"w":-0.7072685956954956},"size":0.7071067690849304,"orthographic":false}