{"cameraMode":{"drawMode":0,"name":"Shaded","section":"Shading Mode"},"sceneLighting":false,"audioPlay":false,"sceneViewState":{"showFog":true,"showMaterialUpdate":false,"showSkybox":false,"showFlares":true,"showImageEffects":true,"showParticleSystems":true},"in2DMode":false,"pivot":{"x":-9.920000076293946,"y":-24.899999618530275,"z":10.140000343322754},"rotation":{"x":-0.10559803247451782,"y":-0.8242669105529785,"z":0.16353130340576173,"w":-0.5318204760551453},"size":6.51920223236084,"orthographic":false}