{"cameraMode":{"drawMode":0,"name":"Shaded","section":"Shading Mode"},"sceneLighting":false,"audioPlay":false,"sceneViewState":{"showFog":true,"showMaterialUpdate":false,"showSkybox":false,"showFlares":true,"showImageEffects":true,"showParticleSystems":true},"in2DMode":false,"pivot":{"x":8.13027572631836,"y":-0.09509384632110596,"z":5.345093727111816},"rotation":{"x":0.055472537875175479,"y":0.11748968064785004,"z":-0.006767547223716974,"w":0.991725742816925},"size":6.607396125793457,"orthographic":false}