{"cameraMode":{"drawMode":0,"name":"Shaded","section":"Shading Mode"},"sceneLighting":false,"audioPlay":false,"sceneViewState":{"showFog":true,"showMaterialUpdate":false,"showSkybox":false,"showFlares":true,"showImageEffects":true,"showParticleSystems":true},"in2DMode":false,"pivot":{"x":-13.888631820678711,"y":2.4370906352996828,"z":0.03786659240722656},"rotation":{"x":0.04412165656685829,"y":-0.6315667629241943,"z":0.0360383614897728,"w":0.7732258439064026},"size":4.132056713104248,"orthographic":false}