{"cameraMode":{"drawMode":0,"name":"Shaded","section":"Shading Mode"},"sceneLighting":false,"audioPlay":false,"sceneViewState":{"showFog":true,"showMaterialUpdate":false,"showSkybox":false,"showFlares":true,"showImageEffects":true,"showParticleSystems":true},"in2DMode":false,"pivot":{"x":4.100610256195068,"y":-0.5862863063812256,"z":3.0770537853240969},"rotation":{"x":0.14058586955070496,"y":-0.8571833372116089,"z":0.3153282701969147,"w":0.38217616081237795},"size":1.8219096660614014,"orthographic":false}