{"cameraMode":{"drawMode":0,"name":"Shaded","section":"Shading Mode"},"sceneLighting":false,"audioPlay":false,"sceneViewState":{"showFog":true,"showMaterialUpdate":false,"showSkybox":false,"showFlares":true,"showImageEffects":true,"showParticleSystems":true},"in2DMode":false,"pivot":{"x":-8.940696716308594e-8,"y":0.4350000023841858,"z":-0.09999999403953552},"rotation":{"x":-0.023604532703757287,"y":0.0069374991580843929,"z":-0.00016044963558670133,"w":0.9999149441719055},"size":0.5886663794517517,"orthographic":false}