{"cameraMode":{"drawMode":0,"name":"Shaded","section":"Shading Mode"},"sceneLighting":false,"audioPlay":false,"sceneViewState":{"showFog":true,"showMaterialUpdate":false,"showSkybox":false,"showFlares":true,"showImageEffects":true,"showParticleSystems":true},"in2DMode":false,"pivot":{"x":-8.368274688720704,"y":2.0313711166381838,"z":-4.876678466796875},"rotation":{"x":-0.0252526868134737,"y":-0.9749009013175964,"z":0.17171677947044373,"w":-0.14128252863883973},"size":6.607396125793457,"orthographic":false}