{"cameraMode":{"drawMode":0,"name":"Shaded","section":"Shading Mode"},"sceneLighting":false,"audioPlay":false,"sceneViewState":{"showFog":true,"showMaterialUpdate":false,"showSkybox":false,"showFlares":true,"showImageEffects":true,"showParticleSystems":true},"in2DMode":false,"pivot":{"x":18.724197387695314,"y":-6.501758575439453,"z":22.67717933654785},"rotation":{"x":0.21642690896987916,"y":-0.14089715480804444,"z":0.03158179298043251,"w":0.9655680656433106},"size":3.415562629699707,"orthographic":false}