{"cameraMode":{"drawMode":0,"name":"Shaded","section":"Shading Mode"},"sceneLighting":false,"audioPlay":false,"sceneViewState":{"showFog":true,"showMaterialUpdate":false,"showSkybox":false,"showFlares":true,"showImageEffects":true,"showParticleSystems":true},"in2DMode":false,"pivot":{"x":1.974463701248169,"y":1.893385410308838,"z":-0.9658069610595703},"rotation":{"x":-0.07737213373184204,"y":-0.06634416431188584,"z":-0.005090424790978432,"w":0.9950091242790222},"size":5.0620012283325199,"orthographic":false}