{"cameraMode":{"drawMode":0,"name":"Shaded","section":"Shading Mode"},"sceneLighting":false,"audioPlay":false,"sceneViewState":{"showFog":true,"showMaterialUpdate":false,"showSkybox":false,"showFlares":true,"showImageEffects":true,"showParticleSystems":true},"in2DMode":false,"pivot":{"x":-6.152805328369141,"y":2.4370906352996828,"z":0.03786659240722656},"rotation":{"x":-0.06997331976890564,"y":0.9187645316123962,"z":-0.18949301540851594,"w":-0.33923575282096865},"size":4.132056713104248,"orthographic":false}