{"cameraMode":{"drawMode":0,"name":"Shaded","section":"Shading Mode"},"sceneLighting":false,"audioPlay":false,"sceneViewState":{"showFog":true,"showMaterialUpdate":false,"showSkybox":false,"showFlares":true,"showImageEffects":true,"showParticleSystems":true},"in2DMode":false,"pivot":{"x":-2.239161729812622,"y":-0.4324338436126709,"z":-0.018520355224609376},"rotation":{"x":-0.06997331976890564,"y":0.9187645316123962,"z":-0.18949301540851594,"w":-0.33923575282096865},"size":2.415241003036499,"orthographic":false}