{"cameraMode":{"drawMode":0,"name":"Shaded","section":"Shading Mode"},"sceneLighting":true,"audioPlay":false,"sceneViewState":{"showFog":true,"showMaterialUpdate":false,"showSkybox":false,"showFlares":true,"showImageEffects":true,"showParticleSystems":true},"in2DMode":false,"pivot":{"x":-31.01959991455078,"y":4.884000301361084,"z":1.6739997863769532},"rotation":{"x":-0.09149418771266937,"y":-0.3253730237483978,"z":0.03148093819618225,"w":-0.9407352209091187},"size":8.487049102783204,"orthographic":false}