{"cameraMode":{"drawMode":0,"name":"Shaded","section":"Shading Mode"},"sceneLighting":false,"audioPlay":false,"sceneViewState":{"showFog":true,"showMaterialUpdate":false,"showSkybox":false,"showFlares":true,"showImageEffects":true,"showParticleSystems":true},"in2DMode":false,"pivot":{"x":7.1028900146484379,"y":1.6433641910552979,"z":-1.860213279724121},"rotation":{"x":-0.0400879830121994,"y":0.033921193331480029,"z":0.0009690484148450196,"w":0.9988347887992859},"size":3.273925542831421,"orthographic":false}