{"cameraMode":{"drawMode":0,"name":"Shaded","section":"Shading Mode"},"sceneLighting":false,"audioPlay":false,"sceneViewState":{"showFog":true,"showMaterialUpdate":false,"showSkybox":false,"showFlares":true,"showImageEffects":true,"showParticleSystems":true},"in2DMode":false,"pivot":{"x":2.3834807872772219,"y":-0.006358623504638672,"z":0.014966487884521485},"rotation":{"x":-0.05900639668107033,"y":0.756932258605957,"z":-0.06898127496242523,"w":-0.6471937894821167},"size":4.1377644538879398,"orthographic":false}