{"cameraMode":{"drawMode":0,"name":"Shaded","section":"Shading Mode"},"sceneLighting":false,"audioPlay":false,"sceneViewState":{"showFog":true,"showMaterialUpdate":false,"showSkybox":false,"showFlares":true,"showImageEffects":true,"showParticleSystems":true},"in2DMode":false,"pivot":{"x":-11.220183372497559,"y":-0.4056791067123413,"z":11.321149826049805},"rotation":{"x":0.21174460649490357,"y":-0.06942733377218247,"z":0.015190067701041699,"w":0.9748205542564392},"size":1.4164220094680787,"orthographic":false}