{"cameraMode":{"drawMode":0,"name":"Shaded","section":"Shading Mode"},"sceneLighting":false,"audioPlay":false,"sceneViewState":{"showFog":true,"showMaterialUpdate":false,"showSkybox":false,"showFlares":true,"showImageEffects":true,"showParticleSystems":true},"in2DMode":false,"pivot":{"x":-2.9802322387695315e-8,"y":0.4350000023841858,"z":-0.09999999403953552},"rotation":{"x":0.04376846179366112,"y":0.07130803912878037,"z":-0.0033500902354717256,"w":0.9967113137245178},"size":0.5776941776275635,"orthographic":false}