{"cameraMode":{"drawMode":0,"name":"Shaded","section":"Shading Mode"},"sceneLighting":false,"audioPlay":false,"sceneViewState":{"showFog":true,"showMaterialUpdate":false,"showSkybox":false,"showFlares":true,"showImageEffects":true,"showParticleSystems":true},"in2DMode":false,"pivot":{"x":-0.05762001872062683,"y":0.5732199549674988,"z":-0.2810959815979004},"rotation":{"x":0.22843852639198304,"y":0.28750482201576235,"z":-0.07081446051597595,"w":0.9274534583091736},"size":2.1529152393341066,"orthographic":false}