{"cameraMode":{"drawMode":0,"name":"Shaded","section":"Shading Mode"},"sceneLighting":false,"audioPlay":false,"sceneViewState":{"showFog":true,"showMaterialUpdate":false,"showSkybox":false,"showFlares":true,"showImageEffects":true,"showParticleSystems":true},"in2DMode":false,"pivot":{"x":-5.960464477539063e-8,"y":0.4350000023841858,"z":-0.09999999403953552},"rotation":{"x":-0.07737213373184204,"y":-0.06634416431188584,"z":-0.005090424790978432,"w":0.9950091242790222},"size":0.6408358812332153,"orthographic":false}