{"cameraMode":{"drawMode":0,"name":"Shaded","section":"Shading Mode"},"sceneLighting":true,"audioPlay":false,"sceneViewState":{"showFog":true,"showMaterialUpdate":false,"showSkybox":false,"showFlares":true,"showImageEffects":true,"showParticleSystems":true},"in2DMode":false,"pivot":{"x":2.7100000381469728,"y":-7.224765777587891,"z":12.3756685256958},"rotation":{"x":0.0017280069878324867,"y":0.2763468325138092,"z":-0.0008674028795212507,"w":0.961275577545166},"size":0.9213927388191223,"orthographic":false}