{"cameraMode":{"drawMode":0,"name":"Shaded","section":"Shading Mode"},"sceneLighting":false,"audioPlay":false,"sceneViewState":{"showFog":true,"showMaterialUpdate":false,"showSkybox":false,"showFlares":true,"showImageEffects":true,"showParticleSystems":true},"in2DMode":false,"pivot":{"x":4.461299896240234,"y":-0.04312872886657715,"z":-9.636713981628418},"rotation":{"x":-0.05900639668107033,"y":0.756932258605957,"z":-0.06898127496242523,"w":-0.6471937894821167},"size":8.064533233642579,"orthographic":false}