{"cameraMode":{"drawMode":0,"name":"Shaded","section":"Shading Mode"},"sceneLighting":false,"audioPlay":false,"sceneViewState":{"showFog":true,"showMaterialUpdate":false,"showSkybox":false,"showFlares":true,"showImageEffects":true,"showParticleSystems":true},"in2DMode":false,"pivot":{"x":4.069939136505127,"y":1.6992557048797608,"z":0.9816761016845703},"rotation":{"x":-0.023604532703757287,"y":0.0069374991580843929,"z":-0.00016044963558670133,"w":0.9999149441719055},"size":3.2290236949920656,"orthographic":false}