{"cameraMode":{"drawMode":0,"name":"Shaded","section":"Shading Mode"},"sceneLighting":false,"audioPlay":false,"sceneViewState":{"showFog":true,"showMaterialUpdate":false,"showSkybox":false,"showFlares":true,"showImageEffects":true,"showParticleSystems":true},"in2DMode":false,"pivot":{"x":-25.149999618530275,"y":88.68026733398438,"z":45.099998474121097},"rotation":{"x":-0.0925721749663353,"y":0.6665002107620239,"z":-0.08412308990955353,"w":-0.73508620262146},"size":1.0514323711395264,"orthographic":false}