{"cameraMode":{"drawMode":0,"name":"Shaded","section":"Shading Mode"},"sceneLighting":false,"audioPlay":false,"sceneViewState":{"showFog":true,"showMaterialUpdate":false,"showSkybox":false,"showFlares":true,"showImageEffects":true,"showParticleSystems":true},"in2DMode":false,"pivot":{"x":0.09992837905883789,"y":-0.10865437984466553,"z":4.609963893890381},"rotation":{"x":-0.10098838806152344,"y":0.06798788160085678,"z":-0.007006300613284111,"w":-0.9926021695137024},"size":5.424745559692383,"orthographic":false}