{"cameraMode":{"drawMode":0,"name":"Shaded","section":"Shading Mode"},"sceneLighting":false,"audioPlay":false,"sceneViewState":{"showFog":true,"showMaterialUpdate":false,"showSkybox":false,"showFlares":true,"showImageEffects":true,"showParticleSystems":true},"in2DMode":false,"pivot":{"x":3.0740582942962648,"y":4.370301246643066,"z":32.58976364135742},"rotation":{"x":0.041698209941387179,"y":-0.9580841660499573,"z":0.1892310529947281,"w":0.21112556755542756},"size":4.2672624588012699,"orthographic":false}